,Amsterdam,Atlanta,Austin,Baltimore,Bangalore,Boston,Brussels,Bursa,Chicago,Christchurch,ColoradoSprings,Columbus,Dallas,Denver,Dronten,Dublin,Dusseldorf,Falkenstein,Frankfurt,Halifax,Hamburg,Helsinki,HoChiMinhCity,Houston,Jacksonville,Kazan,Kiev,Knoxville,Lincoln,Ljubljana,London,LosAngeles,Madrid,Melbourne,Miami,Montreal,Moscow,Munich,NewYork,Nuremberg,Oslo,Paris,Perth,Philadelphia,Pittsburgh,Portland,Rome,Roubaix,Sacramento,SaltLakeCity,SanAntonio,SanDiego,SanFrancisco,SanJose,Savannah,Seattle,Seoul,Singapore,Sofia,Stockholm,Strasbourg,Sydney,Taipei,Tampa,Tokyo,Toronto,Vancouver,Vienna,Vilnius,Washington,Zurich
Amsterdam,1,95.21,115.59,89.74,174.8,87.99,4.94,51.26,96.1,311.11,116.85,100.66,115.48,117.89,3.48,17.05,5.63,12.67,13.6,83.27,14.67,31.66,197.82,107.52,108.67,59.53,44.15,162.3,110.84,26.73,6.72,139.15,28.62,250.97,111.72,80.55,44.18,15.09,77.38,11.23,25.44,11.56,201.85,77.18,97.06,147.7,17.25,20.66,154.62,126.49,125.2,139.94,147.59,148.3,127.23,152.04,267.81,168.24,33.93,21.53,11.73,255.88,248.6,110.02,239.93,91.1,149.34,19.01,37.38,82.81,17.17
Atlanta,95.06,1,29.77,23.86,261.18,24.65,93.39,145.53,19.27,208.91,34.66,34.35,22.65,38.01,96.29,100.66,104.82,101.88,101,36.64,107.63,115.91,225.76,18.73,9.89,151.67,137.85,65.82,29.14,109.05,89.35,47.89,103.01,219.92,15.15,31.16,139.51,107.5,17.99,99.24,119.88,98.82,263.33,21.23,28.45,66.68,105.07,104.78,59.4,45.02,21.75,48.18,58.22,58.62,30.08,71.62,186.15,245.86,122.52,120.48,103.78,208.18,267.75,13.02,146.87,27.61,61.14,106.86,117.61,12.94,109.57
Austin,115.59,29.62,1,54.01,255.87,47.89,124.89,180.29,30.93,194.09,33.2,35.8,8.91,24.73,113.12,100.87,118.88,125.66,123.63,56.18,126.74,132.02,294.21,56.03,34.69,166.91,148.11,109.6,29.66,134.12,116.76,38.09,119.25,221.74,41.43,47.3,155.43,134.91,45.94,124.31,128.35,120.71,273.88,50.63,38.86,64.23,131.59,126.58,60.45,42.03,13.78,72.99,74.82,45.16,62.4,55.54,171.65,244.97,147.58,131.5,121.26,210.39,202.19,97.13,136.53,38.06,57.49,129.36,142.71,37.13,123.47
Baltimore,89.22,24.56,53.99,1,247.18,14.56,90.09,140.54,29.46,200.12,51.33,27.27,38.99,48.21,84.68,89.49,87.33,93.44,93.61,25.4,94.83,100.4,244.72,32.13,21.84,132.14,121.92,83.66,50.18,104.94,79.47,72.31,98.24,235.16,36.99,14.76,127.76,95.99,9.24,91.84,109.65,78.37,286.48,4.68,15.41,77.19,96.89,91.22,77.22,60.14,52.46,67.17,80.49,78.8,54.97,73.97,221.59,239.47,121.69,109.27,90.39,212.61,220.53,38.86,166.56,23.78,78.37,103.92,109.03,8.18,107.92
Bangalore,174.9,261.36,255.92,247.81,1,289.64,294.77,287.41,268.46,356.82,252.37,282.96,248.59,252.1,175.96,185.24,256.47,270.4,175.2,263.42,177.71,197.02,69.64,255.22,266.28,310.41,262.8,317.13,251.42,193.71,219.89,251.29,159.02,119.8,262.15,267.81,274.27,180.6,243.2,272.81,196.79,170.45,83.62,290.33,256.6,255.83,172.91,269.44,264.74,243,256.91,226.57,225.99,210.18,304.58,261.63,262.12,39.73,185.28,267.91,274.3,129.27,94.14,283.79,117.32,232.59,270.91,173.76,197.88,228.26,175.64
Boston,86.24,23.88,45.98,13.79,290.25,1,88.32,139.29,25.27,209.84,42.95,28.12,40.24,47.88,82.98,85.22,84.99,89.17,98.97,19.71,84.94,98.21,275.94,36.62,34.86,125.14,113.8,88.47,35.03,99.81,78.24,73.52,103.05,230.94,36.17,13.59,133.06,90.32,9.12,83.16,111.27,81.22,285.6,9.94,21.21,69.21,104.87,82.4,75.33,58.16,47.52,67.23,75.75,68.73,53.98,67.7,199.03,258.39,111.71,94.62,96.44,221.02,238.21,36.82,183.8,19.2,72.5,102.37,109.46,12.01,107.25
Brussels,4.56,94.07,123.44,89.67,294.71,89.32,1,59.19,99.25,288.89,127.81,103.07,114.44,121.6,6.13,22.94,7.5,19.94,16.05,107.26,13.14,31.96,310.5,108.9,100.12,69.35,38.51,161.33,126.92,24.56,10.37,137.86,27.58,253.86,103.86,93.03,46.96,15.95,78.45,16.04,24.27,17.37,224.37,83.86,103.47,145.92,18.82,21.38,150.33,138.8,119.14,144.42,150.2,145.56,121.63,142.96,273.89,305.27,34.46,25.98,16.72,260.09,299.01,112.28,234.5,97,154.51,21.36,30.33,84.21,19.85
Bursa,51.18,145.24,180.38,140.97,287.02,141.6,58.53,1,143.27,328.72,176.57,146.8,169.82,172.47,62.15,68.63,45.52,52.84,47.97,144.13,59.04,88.96,291.91,159.06,150.75,122.47,71.47,212.4,164.19,65.29,48.51,187.7,69.28,310.34,162.63,134.77,80.8,63.41,129.63,53.44,66.1,53.92,245.15,122.82,150.11,182.38,51.51,67.61,205.94,192.57,171.07,195.17,197.77,193.13,167.47,191.32,257.25,256.17,68.81,67.89,47.65,305.04,243.42,162.1,283.73,151.01,208.36,45.72,91.3,129.47,51.02
Chicago,95.76,20.66,31.34,28.83,256.6,25.54,100.58,141.46,1,203.18,27.19,12.47,36.32,25.97,103.49,98.49,105.38,103.78,94.79,33.45,100.43,122.48,222.87,29,26.84,153.05,158.92,86.77,42.43,121.69,83.79,58.69,94.42,215.23,31.6,22.46,137.65,106.67,21.11,103.99,120.11,92.93,271.01,22.1,11.26,58.59,119.64,100.09,54.72,35.89,37.17,55.6,49.78,51.28,48.88,55.2,180.97,215.6,126.44,108.1,101.56,203.67,211.67,38.65,157.17,15.25,59.45,115.67,127.29,22.03,109.98
Christchurch,311.19,209.93,195.86,200.09,356.78,210.19,288.85,329.21,202.98,1,172.17,211.92,171.77,177.92,301.34,297.91,303.07,309.33,314.26,227.71,297.78,303.8,328.83,176.85,197.7,352.49,327.78,255.15,181.33,310.14,285.19,159.74,307.18,58.25,226.93,222.5,335.98,296.49,211.29,317.65,321.54,292.98,91.97,222.39,209.86,162.62,301.21,309.68,158.09,170.28,208.8,167.76,173.33,153.19,223.73,171.57,280.46,134.24,339.62,325.39,340.47,46.44,322.56,222.09,247.5,227.8,178.15,328.46,303.56,217.2,298.47
ColoradoSprings,116.76,36.07,33.12,51.74,252.2,43.47,128.08,176.57,26.29,171.8,1,36.35,16.35,2.85,114.37,118.37,115.78,122.27,119.99,56.58,127.65,130.69,290.39,20.74,41.38,174.74,148.28,111.31,16.61,132.63,109.66,32.02,123.73,192.1,50.98,44.4,155.52,134.72,44.63,122.24,127.18,116.38,245.71,46.45,36.17,33.49,131.86,154.03,34.52,14.72,26.43,35.18,27.09,26.18,60.2,32.9,157.53,196.4,147.72,128.03,164.2,180.12,194.25,48.27,113.99,38.53,42.06,125.54,145.16,41.8,122.47
Columbus,98.71,33.41,34.06,29.58,299.05,29.41,103.23,148.61,14.16,211.9,35.56,1,37.42,35.88,99.86,109.49,101.59,113.73,96.45,32.92,104.86,126.98,253.54,31.74,23.07,164.93,154.76,84.88,50.96,147.95,87.04,67.29,111.46,213.12,47.03,18.63,143.82,111.46,17.18,108.31,130.39,95.93,271.62,28.69,21.63,80.45,128.96,115.52,66.71,46.81,64.34,85.17,61.81,66,48.86,65.99,184.81,253.36,132.54,125.58,102.96,201.9,230.12,33.82,176.25,23.99,62.74,112.5,132.07,11.86,119.01
Dallas,114.48,24.09,12.22,38.65,248.29,41.47,114.12,169.31,36.27,171.8,16.22,36.25,1,27.72,114.84,112.46,127.76,126.4,125.5,54.94,113.38,129.95,231.14,5.43,28.6,158.3,140.57,83.33,14.79,135.85,111.33,34.77,126.81,201.96,31.83,42.61,158.71,126.39,41.87,124.79,138.59,114.49,281.86,43.04,37.57,47.15,127,124.81,48.61,34.14,9.56,33.37,43.3,44.3,45.51,59.15,171.28,209.97,143.21,132.6,122.83,189.82,165.86,36.87,131,41.03,45.07,131.15,139.15,35.06,125.84
Denver,117.92,39.49,24.74,48.59,252.01,48.93,121.5,172.36,25.46,177.88,2.93,36.85,20.64,1,126.62,120.43,125.62,127.82,122.62,53.61,123.39,129.3,199.77,24.96,39.89,171.74,156.06,114.83,12.51,140.73,120.15,33.28,125.23,192.39,55.09,44.59,160.34,131.63,43.81,126.32,142.69,114.95,239.11,44.79,34.18,31.78,134.36,131.85,49.12,12.15,27.12,32.66,25.91,28.38,65.98,32.07,155.01,208.31,156.82,133.69,129.73,180.34,272.2,46.25,139.99,36.51,48.39,134.02,150.83,44.07,132.99
Dronten,3.55,96.37,113.14,84.42,175.92,82.91,6.12,62.6,101.95,301.15,114.44,99.31,114.04,126.62,1,19.28,6.52,11.99,14.6,84.66,15.34,26.21,185.43,105.29,113.91,63.38,45.23,170.18,103.57,28.53,7.67,152.32,27.89,263.49,114.79,84.39,44.26,18.29,78.48,12.26,22.95,12.82,210.37,80.34,98.54,135.49,24.7,13.09,148.31,136.23,115.58,147.06,150.12,149.14,120.69,156.06,251.16,169.43,33.44,28.85,17.91,256,247.25,105.1,238.81,90.72,141.04,19.28,33.6,84.92,14.56
Dublin,17.07,100.67,100.87,89.86,185.17,85.71,22.63,69.02,98.46,297.89,118.37,109.04,111.73,120.43,19.35,1,21.17,36.91,23.27,87.82,23.78,37.29,264.88,119.97,101.33,80.5,58.06,173.2,109.44,40.55,11.7,153.42,32.75,256.07,112.88,76.4,60.66,30.02,79.35,31.31,39.19,18.21,216.17,82.52,92.94,153.86,34.48,25.92,156.06,139.75,132.33,150.69,145.49,146.43,127.37,150.43,282.77,246.2,49.43,40.9,30.2,254.65,259.32,104.05,241.42,84.42,159.26,32.73,48.61,85.06,38.54
Dusseldorf,6.09,105.05,119.58,87.65,248.87,87.39,7.58,45.74,106.56,303.02,115.85,101.46,124.22,125.69,6.51,21.3,1,15.81,15.71,86.72,14.26,30.59,264.16,116.58,107.46,59.14,54,163.43,104.45,27.56,11.5,157,29.89,252.98,117.19,83.81,45.67,18.84,80.7,14.48,27.91,14.12,207.12,80.33,100.44,150.35,17.19,19.84,164.04,136.63,125.76,152.67,146.43,151.66,129.26,153.91,250.33,172.02,38.6,25.81,17.92,253.13,231.46,115.71,244.82,92.97,152.22,33.8,38.1,88.15,18.14
Falkenstein,12.65,101.88,125.65,93.95,270.35,89.5,19.78,53.32,104.28,309.24,122.23,112.24,122.98,127.79,11.99,36.81,15.81,1,5.01,93.1,14.86,27.68,189.09,125.94,118.41,56.09,38.02,170.86,112.31,22.27,16.74,148.33,33.23,256.44,112.99,93.93,41.76,8.56,92.76,2.61,27.01,21.56,206.05,93.27,103.06,145.08,14.21,18.19,167.08,128.53,120.93,168.76,167.67,152.32,135.46,158.35,262.09,182.18,29.42,32.1,8.87,251.72,222.07,113.37,244.51,97.35,159.17,13.67,26.73,86.47,12
Frankfurt,13.61,101.01,123.59,93.83,175.1,99.84,15.97,47.67,96.86,314.16,119.88,96.21,120.05,122.56,14.41,23.12,13.83,5.01,1,98.33,7.98,23.51,167.72,114.34,107.68,62.72,33.55,165.27,108.84,23.65,15.41,144.53,28.62,258.47,108.8,91.84,39.35,6.71,86.88,3.51,27.55,10.13,217.96,86.38,114.61,142.33,9.03,15.61,152.03,125.09,130.53,147.25,158.19,143.87,134.47,145.15,243.02,169.55,25.67,23.83,4.5,246.7,237.93,110.48,216.13,99.27,150.55,35.37,38.02,95.41,7.19
Halifax,83.86,36.83,56.45,25.29,263.55,20.9,107.83,144.35,34.07,227.38,56.79,32.86,54.93,53.81,84.95,87.84,86.81,93.24,98.54,1,101.29,100.84,252.49,54.57,42.28,147.75,135.28,99.42,52.97,103.89,87.03,71.06,95.45,243.53,47.93,20.15,134.12,109.17,15.33,94.4,109.84,80.77,324.75,17.19,30.23,84.08,106.3,98.52,81.53,64.58,67.42,78.48,86.82,79.93,61.55,74.82,228.59,224.51,112.2,113.55,108.73,223.09,258.84,98.34,172.94,24.53,74.58,97.93,111.13,24.09,106.4
Hamburg,15.2,106.11,126.34,97.01,177.88,87.71,15.7,59.28,105.14,293.64,126.73,105.07,112.62,127.24,19.79,24.2,10.36,13.88,13.72,101.23,1,24.67,239.86,112.15,111.46,53.12,41.37,165.62,122.29,29.34,15.38,157.44,38.72,270,121.73,91,49.92,18.81,91.23,13.99,12.85,18.25,226.16,99.6,103.52,151.11,22.24,19.73,156.75,137.89,136.89,142.35,149.54,152.71,124.83,142.34,289.95,204.15,32.04,13.84,11.07,251.08,232.25,126.21,230.64,98.42,153.76,19.96,28.82,90.54,22.84
Helsinki,32.04,115.64,132.83,101.03,197.35,97.6,32.76,89.3,124.75,302.66,130.92,127.72,128.38,129.11,26.06,37.61,31.58,27.7,38.38,100.77,21.6,1,179.95,135.63,121.38,40.46,33.91,168.96,121.96,40.87,30.98,168.16,57.65,306.89,127.76,109.41,42.53,33.39,99.54,26.68,12.24,39.54,304.33,110.88,101.52,154.69,33.16,38.76,159.98,157.46,138.86,176.09,167.23,157.15,143.84,151.65,232.81,197.72,47.13,6.78,31.51,296.94,279.26,125.77,232.66,106.87,151.94,35.5,12.88,99.72,31.07
HoChiMinhCity,197.89,225.45,294.3,244.81,69.97,277.19,310.5,292.01,222.35,327.98,290.43,255.2,230.35,199.79,186.42,264.94,264.21,290.14,207.07,252.24,239.53,180.7,1,210.05,266.05,196.2,275.03,344.39,281.01,260.01,209.44,172.65,257.41,117.49,256.3,266.15,300.92,201.05,238.69,290.51,285.61,255.68,81.41,241.31,230.51,312.98,253.25,185.68,186.91,249.95,214.71,175.49,213.53,194.68,277.45,212.44,77.75,36.31,233.09,274.2,164.14,127.37,214.93,239.8,221.52,246.23,215.97,240.98,263.04,252.22,161.06
Houston,107.5,18.76,56.01,32.53,255.21,38.06,109.47,159.44,28.32,176.73,20.78,29.66,5.56,25.01,105.2,120.43,116.31,126.01,114.43,54.53,111.65,133.69,210.02,1,19.91,162.07,152.28,77.24,19.23,126.74,107.03,37.4,118.57,268.54,27.64,42.45,148.87,117.99,32.34,118.08,133.14,110.15,278.78,31.87,33.94,55.32,120.79,118.4,48.32,31.55,12.26,43.32,43.67,47.11,44.28,54.99,168.95,204.43,136.56,135.35,125.15,267.79,205.52,28.03,142.87,37.56,47.73,127.76,137.15,28.13,131.82
Jacksonville,108.57,10.29,34.69,21.97,266.2,35.19,100.02,151.15,27.25,197.66,41.46,22.11,25.28,39.88,113.47,101.3,107.4,118.41,107.7,42.04,113.44,121.48,265.95,19.83,1,145.79,131.16,72.45,35.39,118.39,99.91,53.16,100.95,227.33,14.4,42.12,143.04,115.84,23.98,115.76,121.1,106.89,262.01,29.03,33.44,66.07,109.46,116.48,65.31,52.05,40.58,63.91,64.55,63.75,32.94,66.45,188.82,235.58,136.24,126.59,104.39,212.35,204.57,20.78,159.43,33,69.13,110.8,124.77,25.09,115.29
Kazan,57.96,151.84,164.56,133.62,312.7,128.92,60.36,124.17,156.74,352.35,168.98,156.41,154.9,171.63,62.73,75.26,58.11,56.79,67.72,146.5,53.91,37.72,196.17,161.93,145.75,1,83.61,210.96,166.62,78.77,66.01,208.3,85.57,314.21,162.54,141.08,13.83,66.84,124.71,53.89,41.04,66.35,265.18,133.25,132.2,186.99,74.81,64.52,190.85,195,174.64,196.11,194.82,198.81,181.87,196.2,173.43,192.15,77.38,53.92,56.14,316.06,332.65,161.25,270.47,133.96,212.16,78.16,62.44,135.64,62.36
Kiev,44.07,138.17,148.18,122.5,262.76,114.45,38.5,71.65,149.18,327.7,148.35,154.66,140.72,156.07,45.28,58.07,53.19,38.15,33.56,135.25,27.06,32.81,274.75,152.44,131.24,83.82,1,191.72,137.52,28.88,41.15,184.57,62.03,322.25,144.66,124.29,64.69,37.04,126.25,42.43,52.84,63.16,316.43,134.06,132.06,169.38,46.8,59.75,191.05,187.97,152.33,193.76,172.87,183.19,154.6,189.4,297.9,179.4,26.46,38.95,52.76,299.41,295.41,153.05,241.37,134.71,187.73,55.8,27.87,126.55,36.3
Knoxville,119.82,52.09,58.56,31.87,265.72,44.33,134.8,263.4,50.99,389.06,571.02,615.1,180.13,108.94,136.47,193.2,305.52,530.66,125.61,93.88,124.07,143.4,305.31,72.33,458.68,247.76,163.19,1,427.65,128.83,111.6,71.33,112.7,228.33,125.1,43.44,168.18,262.91,33.8,129.13,159.57,133.93,282.51,29.9,102.1,221.96,126.82,123.97,115.15,67.71,43.24,91.84,80.5,94.6,89.98,82.57,243.19,703.61,231.12,158.88,116.21,324.39,201.27,299.87,306.04,275.49,292.15,1312.24,777.86,757.08,215.5
Lincoln,110.84,29.24,29.71,50.09,251.31,37.07,126.96,164.58,42.12,181.24,16.67,49.78,15.91,12.53,103.71,109.38,104.2,112.35,108.98,52.74,122.06,122.1,280.93,19.24,35.41,166.71,137.49,92.19,1,151.66,99.05,43.5,121.76,213.1,39.53,47.85,152.13,124.25,32.63,110.25,118.27,126.46,292.94,50.13,23.77,39.85,127.58,132.55,52.46,30.48,32.89,43.06,42.6,36.62,59.02,42.37,165.16,219.91,141.88,118.94,137.08,190.77,237.24,47.33,123.39,35.2,45.27,114.97,138.86,39.2,110.29
Ljubljana,26.72,109.13,134.32,105.46,193.74,101.25,24.57,65.56,122.03,310.13,132.85,148.34,137.75,140.57,28.51,40.43,27.65,22.32,23.84,103.76,22.94,40.13,260.22,126.94,118.48,77.15,28.95,177.46,151.73,1,36.54,167.92,39.04,303.37,126.11,106.35,52.18,21.06,101.6,26.33,42.82,28.86,291.49,101.05,117.74,155.17,21.21,37.96,169.96,173.85,154.53,170.88,168.11,164.07,148.06,158.67,255.46,185.61,29.12,46.03,35.84,292.33,237.88,127.24,236.87,109.42,160.39,20.06,36.3,108.11,31.49
London,6.73,89.54,116.5,79.48,219.83,79.76,10.27,48.46,84.29,284.99,109.64,86.76,110.98,120.15,7.6,11.62,11.14,16.33,15.03,86.8,12.23,31.53,209.4,107.18,99.98,62.22,41.15,154.89,99.13,36.55,1,128.67,22.22,264.34,98.29,79,50.39,20.45,71.16,20.98,36.5,9.51,201.48,78.54,99.3,140.27,20.17,7.38,139.34,116.16,113.73,133.23,144.55,133.45,120.14,131.79,264.65,232.85,41.03,26.67,15.08,253.25,261.47,105.75,236.22,87.62,140.49,22.82,43.99,78.72,26.69
LosAngeles,133.13,47.63,41.9,72.7,251.29,73.86,137.79,187.67,58.2,159.66,32.15,68.05,32.2,33.29,152.29,153.38,156.98,142,144.57,70.89,153.09,168.28,172.78,37.46,53.14,208.24,184.79,120.94,43.56,167.84,128.53,1,148.96,174.75,65.32,77.52,191.49,153.9,64.89,140.65,174.26,155.94,207.98,70.23,64.87,26.15,156.88,155.53,15.57,16.03,37.17,4.3,11.39,8.39,76.11,32.77,136.09,180.39,166.46,157.65,158.61,162.75,247.49,69.73,116.16,63.98,33.96,158.37,165.01,63.06,155.07
Madrid,28.52,102.79,119.25,98,158.9,104.41,27.51,69.59,94.85,306.61,123.81,113.27,125.98,125.18,27.83,32.78,29.61,31.93,28.79,95.11,38.97,56.44,257.34,118.55,100.94,85.37,62.07,169.62,121.72,38.94,21.87,148.99,1,247.07,111.01,98.19,60.86,34.47,86.91,27.62,54.83,18.6,197.53,88.21,83.8,150.43,21.61,25.38,160.74,144.69,136.05,138.45,161.75,156.12,130.8,146.92,283.23,282.33,49.03,50.25,27.85,251.99,264.59,101.98,240.48,109.56,164.42,42.23,45.08,93.19,27.6
Melbourne,250.28,220.06,222.69,234.98,119.73,231.55,252.46,310.19,214.97,58.3,193.28,213.3,203.19,192,264.32,256.46,252.66,258.58,258.52,244.35,268.87,305.06,117.5,268.61,227.33,314.6,322.24,281.63,213.16,303.21,264.29,174.5,247.16,1,232.92,234.11,296.15,256.42,232.42,255.35,269.86,249.27,37.41,231.22,224.79,169.38,244.78,300.99,175.72,184.67,209.94,174.52,172.04,173.22,242.84,175.78,307.48,82.72,272.01,271.9,308.92,12.27,227.36,227.41,232.24,238.79,225.45,272.32,292.27,229.27,297.06
Miami,111.64,15.19,41.46,37.46,262.12,36.22,103.82,162.66,32.06,226.92,51.02,46.36,31.88,55.09,114.8,112.91,116.97,113.04,108.89,47.87,121.63,124.41,256.33,27.58,14.43,170.09,144.69,80.19,39.54,126.08,98.27,65.34,111.08,233.54,1,43.27,146.15,123.05,36.43,111.56,134.06,110.22,272.29,34.24,38.18,80.85,114.35,110.91,74.21,64.88,34.51,60.66,68.68,72.29,33.16,84.17,200.85,241.77,143.04,137.84,111.78,220.77,212.16,6.43,160.16,42.44,75.87,124.76,133.12,26.16,113.55
Montreal,80.44,31.18,47.2,15.02,267.72,15.95,93.1,134.97,22.88,222.35,44.42,18.32,43.01,44.53,84.4,76.51,83.93,94.04,91.75,19.98,91.22,110.3,266.05,42.43,42.09,138.98,124.24,96.7,47.79,106.16,79.02,77.48,98.17,234.13,43.27,1,120.18,95.09,9.9,92.46,102.8,83.75,290.33,11.16,21.29,68.78,99.77,90.53,76.97,55.35,55.28,74.71,73.05,68.35,65.04,74.61,198.03,253.89,116.63,102.71,88.59,212.42,274.97,45.98,164.82,8.54,62.1,98.88,112.39,16.03,97.17
Moscow,44.29,139.13,155.3,127.74,274.11,133.98,47.37,80.8,141.79,335.77,155.36,145.25,154.09,160.31,44.08,60.59,45.69,41.83,39.47,133.95,49.23,42.36,301.01,148.87,143.1,13.95,64.66,190.78,152.05,51.98,50.56,191.42,60.94,296.08,146.14,120.22,1,50.96,117.81,40.37,42.21,49.61,260.43,118.91,139.58,170.38,49.05,54.2,194.35,172.26,165.24,191.72,183.92,181.76,159.21,193.75,316.9,200.64,64.3,60.1,44.33,297.03,282.38,148.07,271.18,130.17,186.11,60.42,20.73,130.33,45.69
Munich,14.69,107.47,135,96.21,180.16,90.71,16.01,62.71,108.48,296.56,134.64,111.94,127.33,131.47,18.49,30.07,18.74,8.68,7.02,120.87,24.66,34.61,199.87,118.99,118.85,69.05,37.57,175.18,124.32,20.97,20.55,154.81,35.39,257.78,123.1,95.22,51.04,1,91.79,12.58,31.7,16.87,208.15,92.08,111.15,165.19,15.63,19.18,160.99,143.77,130.2,148.88,157.3,154.62,131.29,150.28,265.81,170.19,29.01,29.86,10.13,255.3,249.46,176.31,228.71,101.92,159.25,11.67,27.99,91.16,14.86
NewYork,77.33,17.92,45.86,9.59,243.01,10.71,78.28,129.62,21.15,211.19,44.81,17.27,41.5,43.78,78.34,79.32,80.42,92.75,86.96,15.11,86.65,98.89,238.56,32.43,23.96,125.13,126.14,82.73,32.6,101.5,71.04,64.83,86.92,232.1,36.32,9.81,117.68,91.68,1,90.95,99.07,73.57,277.23,4.01,15.91,76.75,94.57,79.76,71.21,54.05,55.33,70.22,70.32,69.05,49.32,73.4,196.29,228.38,114.12,86.83,93.08,209.87,243.71,42.73,176.23,20.32,63.68,96.51,101.38,8.65,96.28
Nuremberg,11.2,99.02,124.29,92.62,272.61,84.49,16.58,53.42,106.25,317.61,122.2,108.28,121.9,126.34,12.23,31.27,14.41,2.62,3.52,94.12,12.37,27.05,185.95,118.08,115.54,54.71,42.37,168.61,110.2,100.08,20.8,140.52,27.63,255.35,111.51,92.44,40.32,6.64,90.93,1,25.43,19.15,203.85,90.75,102.11,143.69,12.18,16.15,159.98,127,119.14,160.87,162.83,148.26,130.44,156,259.73,184.4,27.44,30.74,7.37,249.42,221.39,114.9,229.81,95.09,156.91,11.82,25.32,84.2,11.12
Oslo,25.39,119.83,128.42,109.79,196.74,111.95,26.14,65.72,120.06,321.54,127.16,127.66,138.5,142.77,22.78,39.19,27.76,27.07,27.64,110.25,13.07,12.45,285.59,133.19,121.15,40.75,52.9,184.45,118.33,42.58,37.56,174.09,54.88,269.94,134.09,102.85,42.06,31.65,99.15,25.28,1,32.86,225.69,102.03,118.82,151.11,36.52,33.75,170.02,156.39,144.14,170.04,172.83,172.22,148.09,174.03,295.52,348.12,45.79,17.34,39.11,277.77,230.16,127.09,249.13,110.29,179.24,38.28,31.84,107.36,38.53
Paris,10.44,97.88,120.9,78.89,170.5,83.3,16.92,54.56,92.2,292,116.94,88.12,114.54,115.89,12.26,17.36,14.5,21.59,10.54,79.67,15.97,41.22,255.61,109.94,106.96,65.24,62.13,159.64,126.66,29.38,8.4,155.2,18.34,249.54,110.5,84.11,50.02,16.36,73.61,18.77,32.55,1,201.86,75.08,87.27,148.13,20.8,14.71,142.64,125.16,121.54,143.8,143.57,140.41,126.22,144.49,271.55,151.54,38.98,29.58,20.8,249.6,236.06,116.64,231.44,91.69,147.98,31.7,42.26,82.93,20.94
Perth,201.86,263.45,274.13,286.94,83.6,285.78,224.57,245.55,267.28,91.96,245.82,259.4,281.61,239.11,210.34,215.99,207.63,206.09,217.65,324.75,225.24,304.34,81.38,278.35,263.03,267.51,316.43,318.45,293.04,291.3,201.57,207.95,197.42,36.48,272.27,290.26,260.41,208.22,277.35,203.87,225.62,202.04,1,274.76,278.94,202.93,199.82,343.62,235.15,218.5,289.38,213.14,224.17,217.89,281.82,209.32,383.01,118.07,227.29,239.54,340.65,45.9,227.2,266.67,269.2,273.26,259.51,232.63,250.74,263.87,276.94
Philadelphia,77.08,21.27,50.78,5.65,290.32,10.38,84.23,122.84,23.22,222.37,45.91,19.29,43.2,45.09,80.1,82.02,80.26,93.13,86.38,17.36,99.12,109.58,241.19,32.29,29.08,138.01,134.31,87.66,49.4,102.62,78.82,70.37,88.28,231.47,33.46,10.93,118.86,92.18,4.25,90.98,102.69,75.22,274.36,1,17.18,78.07,96.16,83.9,72.61,55.69,50.88,67.38,71.47,70.58,44.66,74.84,197.83,235.68,111.01,95.76,91.08,209.01,241.19,37.38,171.48,21.7,77.29,102.14,112.15,6.6,96.32
Pittsburgh,97.02,27.97,38.85,15.48,256.24,22.65,102.9,150.07,10.89,209.84,36.14,8.31,37.68,34.18,98.36,92.89,100.39,103.15,114.66,29.89,103.51,101.28,230.45,33.92,33.41,132.99,131.97,90.38,23.72,117.47,99.31,64.73,83.84,223.7,37.92,21.35,139.66,111.19,15.93,102.14,118.79,87.09,279.48,17.36,1,61.83,119.51,92.19,63.09,45.69,54.52,63.46,55.68,59.96,51.81,57.53,190.96,292.04,134.99,110.56,102.65,212.17,282.99,40.01,169.23,10.43,61.33,118.13,124.19,11.04,114.63
Portland,147.62,66.71,64.16,77.57,255.64,70.89,145.45,182.64,59.33,163.78,33.51,68.92,47.08,31.74,135.55,153.88,150.09,145.21,142.5,83.98,147.97,155.86,313.1,55.41,66.14,189.39,169.41,129.24,40,155.08,140.15,26.05,150.56,169.4,80.78,68.85,170.35,165.07,76.86,143.74,151.16,148.1,202.94,78.14,61.74,1,147.39,152.11,25.9,25.4,58.29,31.78,18.84,15.27,88.57,4.19,132.64,154.67,173.31,152.23,162.77,146.87,173.55,81.94,85.04,62.2,18.62,149.8,175.97,63.05,144.47
Rome,17.25,105.35,131.56,96.76,172.81,105.73,19.43,51.51,110.76,301.19,131.85,116.26,126.96,134.31,24.72,34.45,16.8,14.2,9.1,106.09,20.75,33,252.32,120.82,109.43,82.01,46.83,173.01,127.54,21.04,20.09,156.92,21.61,244.51,112.02,99.58,49.01,15.52,94.58,12.19,36.63,20.56,199.78,95.07,119.44,147.29,1,23.21,160.35,145.74,144.85,154,161.67,150.82,131.34,165.5,292.31,177.77,45.18,39.88,22.68,237.86,291.72,116.68,233.85,109.47,162.66,25.09,42.39,93.44,10.78
Roubaix,24.26,104.61,125.77,95.84,274.57,82.91,24.96,68.88,97.64,314.16,153.83,108.66,121.28,133.77,12.66,27,21.57,16.89,15.68,100.88,21.6,40.42,186.82,123.95,115.98,65.67,66.37,172.88,135.18,40.89,10.72,152.79,23.4,302.96,115.46,90.92,56.69,18.12,79.49,18.84,33.24,19.35,347.41,86.57,97.05,154.58,26.28,1,148.99,148.63,136.78,161.7,153.12,160.24,131.48,158,277.09,250.78,44.66,34.39,20.55,297.79,277.88,194.13,245.45,93.38,151.72,28.25,59.21,99.55,21.56
Sacramento,154.69,59.4,60.39,75.75,263.54,74.39,150.16,206.08,54.25,158.08,34.58,65.86,48.81,49.14,147.94,156.05,163.49,167.15,152.07,81.29,150.05,160.54,186.98,48.34,65.33,189.86,190.88,131.1,52.42,169.85,139.86,15.58,160.83,175.83,74.31,77.26,194.43,161.4,71.18,160.02,170.2,142.28,235.07,72.75,63.04,25.85,160.43,146.48,1,34.35,51.88,20.71,7.54,7.74,86.29,26.97,138.7,176.25,176.92,157.5,179.29,153.98,156.18,74.65,113.49,67.5,30.94,163.44,184.8,68.18,174.42
SaltLakeCity,126.54,45.33,42.09,60.32,242.96,59.4,138.89,192.57,36.29,170.32,14.71,46.3,32.44,12.15,136.19,139.76,136.24,128.57,125.18,64.05,137.86,158.34,248.22,31.4,52.11,197.8,187.97,114.2,30.43,173.73,116.23,16.08,144.76,184.99,64.91,55.44,172.44,143.76,54.08,126.88,156.34,125.61,218.73,55.54,44.16,25.3,145.74,146.76,34.33,1,36.11,32.6,31.14,18.86,71.34,21.98,145.66,199.55,164.09,138.32,155.37,162.43,196.34,54.36,135.6,50.39,43.22,143.95,151.53,54.12,145.2
SanAntonio,123.41,24.1,13.81,54.15,256.93,47.72,115.87,171.21,37.15,207.98,26.4,60.57,9.69,27.12,115.54,132.24,125.69,120.8,130.54,66.71,136.78,138.07,214.66,12.28,40.61,173.83,152.28,87.86,32.85,154.52,113.65,37.17,136.18,210.12,34.54,55.32,165.32,130.2,55.38,119.16,144.1,121.96,289.45,50.85,55.49,70.28,144.86,136.77,51.9,36.14,1,34.1,45.34,43.99,62.15,69.86,178.68,226.77,150.98,134.17,126.72,200.07,177.03,49.57,142.58,54.58,50,148.01,149.14,46.09,187.84
SanDiego,140.17,47.82,73.49,68.15,226.47,67.84,144.75,184.72,55.54,167.68,34.29,64.98,40.91,32.71,149.56,150.56,148.9,156.51,151.06,78.89,140.77,175.11,175.55,33.79,55.38,209.22,197.75,116.25,43.11,163.62,141.19,4.28,138.35,175.49,60.65,74.71,187.99,148.04,70.42,157.03,169.77,143.94,208.49,67.58,63.48,31.8,163.11,158.68,20.32,32.67,43.53,1,13.48,16.5,72.15,35.29,139,178.02,173.67,165.46,162.23,163.29,174.9,53.4,102.44,67.99,36.69,166.33,168.47,65.27,154.14
SanFrancisco,147.61,58.23,74.89,80.79,225.96,76.76,150.15,197.67,49.8,173.12,27.21,58.07,41.93,25.94,150.13,145.42,145.4,167.72,158.27,86.9,146.21,165.27,213.56,43.73,64.6,192.8,172.77,126.93,42.61,168.04,145,11.09,161.78,171.99,68.71,73.08,183.97,157.34,70.34,162.85,172.8,143.9,224.2,71.39,55.67,18.77,161.68,150.42,7.49,31.09,45.31,13.14,1,1.48,79.4,21.24,129.29,173.85,177.51,155.98,164.45,147.65,130.64,70.99,106.71,61.07,22.3,161.36,171.79,75.26,169.26
SanJose,148.29,58.51,45.17,79.01,210.14,68.92,145.54,190.19,51.95,153.18,26.3,65.77,44.41,28.15,149.2,146.43,151.54,152.36,143.79,80.04,153.86,156.86,194.63,47.2,63.83,199.58,183.28,142.56,36.48,164.01,133.45,9.06,155.46,172.62,72.25,68.24,181.7,154.58,69,148.26,172.18,140.42,217.88,71.09,60.23,15.1,150.91,159.19,7.7,18.89,44,16.25,1.54,1,85.77,20.64,133.3,173.05,177.79,161.9,160.14,150.51,160.62,69.67,109.62,63.55,26.62,157.48,177.5,72.82,161
Savannah,135.01,29.1,61.28,53.25,307.31,76.48,120.32,166.67,71.11,222.24,60.32,48.91,44.9,64.37,122.22,135.48,136.29,135.87,133.5,61.29,124.38,154.64,275.47,59.72,32.15,185.66,156.75,103.3,58.61,145.89,119.8,74.98,129.67,248.21,39.48,63.82,158,130.05,49.84,132.4,151.35,125.13,279.75,42.84,49.67,86.61,148.7,146.16,103.57,94.41,60.01,71.19,78.3,85.16,1,91.57,223.25,250.03,151.29,142.75,138.56,247.68,242.19,34.45,187.38,60.43,87.67,141.58,147.8,37.6,156.47
Seattle,151.96,71.62,55.55,73.85,261.58,67.87,142.61,191.24,55.92,171.5,32.95,64.03,62.86,32,155.93,150.44,153.73,158.35,145.17,74.65,141.49,151.91,212.39,54.91,66.47,195.12,189.35,121.53,42.31,158.51,131.74,32.59,146.93,177.18,84.15,74.57,193.72,150.15,73.41,156.01,173.97,144.35,209.64,74.62,57.52,4.08,165.51,157.9,26.92,21.85,69.86,35.3,21.26,20.66,92.95,1,156.58,173.31,184.16,145.72,154.97,163.76,182.75,72.32,126.79,61.56,4.29,158.82,170.85,70.31,157.87
Seoul,267.78,185.96,169.39,221.5,262,198.19,273.48,257.71,176.54,280.4,157.52,183.57,170.5,154.98,251.07,282.63,250.11,263.47,240.57,225.22,286.34,232.58,77.69,168.97,188.81,173.67,297.83,249.8,165.1,255.16,264.69,135.98,283.22,307.72,200.8,198.05,317.19,265.46,196.24,256.61,295.44,270.84,383.05,197.86,190.97,132.62,292.32,275.93,138.65,145.58,178.65,139.8,129.28,133.34,224.69,156.56,1,66.91,270.87,254.8,290.62,289.3,64.45,202.06,32.66,182.89,151.38,285.68,243.25,197.22,299.45
Singapore,168.21,246.02,244.43,240.05,39.7,259.02,305.24,256.28,223.94,133.79,195.84,253.43,211.09,208.23,168.88,246.26,172.88,181.79,169.29,224.34,203.74,197.94,36.42,204.71,235.79,192.4,178.68,291.21,220.25,184.87,233.16,180.34,283.12,82.4,241.74,254.06,200.63,169.63,228.63,183.91,348.18,150.91,118.58,235.67,291.07,154.55,177.79,252.13,176.17,199.59,226.74,170.51,173.91,173.12,249.52,173.38,66.86,1,198.97,184.32,268.67,93.55,49.5,255.93,74.8,273.82,155.17,184.98,200.53,269.64,164.35
Sofia,33.85,122.61,147.59,120.94,185.33,112.88,34.48,68.31,125.59,325.09,147.32,131.43,143.66,156.95,32.74,49.3,38.32,29,25.92,111.48,31.62,47.14,209.28,136.74,135.89,74.06,25.84,198.97,141.49,28.44,40.91,173.04,48.91,271.93,143.03,116.59,64.26,29.01,113.63,27.47,45.56,39.51,226.82,111.24,135.1,173.21,45.28,42.66,176.05,163.65,151,175.31,177.04,177.93,151.01,184.05,269.8,198.41,1,45.7,28.28,271.61,241.64,139.95,265.85,120.23,180.14,47.27,44.35,114.03,35
Stockholm,24.18,120.65,132.03,109.27,260.52,95.81,26.53,68.09,107.95,325.31,128.53,123.12,132.86,133.8,29.34,41.04,25.64,32.1,24.54,113.59,13.63,6.88,273.39,135.62,127.09,55.83,38.8,180.59,119.62,46.43,27.18,157.69,50.27,271.75,137.92,103.46,59.84,29.96,86.9,30.96,17.41,29.87,239.71,95.62,110.53,152.63,39.56,29.95,157.26,138.16,134.45,165.97,156.14,161.81,144.76,145.6,254.8,184.24,45.43,1,35.68,268.98,249.57,120.32,236.31,97.63,149.44,47.21,18.08,100.15,34.59
Strasbourg,11.71,103.85,121.44,90.57,274.24,96.38,17.1,48.09,103.86,339.94,164.2,102.49,123.01,129.68,17.8,30.15,17.81,8.84,4.47,108.48,10.97,31.5,164.12,125.17,104.39,55.87,52.73,170.29,137.04,35.85,15.54,158.5,27.88,308.74,111.73,88.71,44.31,10.09,93.13,7.36,39.04,20.54,340.67,90.75,102.62,162.74,22.73,15.87,179.28,155.31,126.56,166.08,164.48,160.02,133.07,155,290.63,268.82,28.49,35.48,1,292.56,281.27,188.28,246.78,101.08,159.54,15.68,43.75,92.86,9.02
Sydney,255.94,208.42,210.5,213.07,129.3,222.58,260.04,305.5,193.44,46.36,180.04,200.87,188.8,180.46,255.92,254.38,252.85,251.68,246.76,223.17,251.12,296.33,127.51,267.73,213.07,311.59,299.35,261.39,190.86,292.29,253.44,162.83,251.95,13.02,220.82,213.04,297.16,255.63,209.92,249.51,277.74,249.41,45.95,208.95,211.83,146.76,237.9,297.46,153.89,162.44,199.99,152.82,147.63,150.43,229.49,163.66,289.24,93.79,271.31,268.7,292.62,1,219.14,215.2,217.26,215.58,204.04,270.09,289.18,219.55,315
Taipei,262.38,267.56,198.64,220.7,94.09,238.39,298.92,243.86,207.08,322.53,194.32,228.7,173.97,272.2,256.72,259.6,231.34,222.14,237.99,258.82,232.79,279.38,214.99,316.91,204.73,336.25,295.37,242.86,239.16,237.73,261.42,247.4,264.65,227.7,212.1,276.99,278.18,249.8,243.91,221.46,230.08,236.89,227.22,240.94,283.72,173.47,291.75,275.45,156.16,196.33,177.05,174.88,130.63,160.61,239.3,182.78,64.58,47.5,241.92,249.58,281.17,219.16,1,225.12,31.2,223.53,173.34,251.31,249.71,223.26,288.59
Tampa,110.02,13.09,97.13,39.51,283.73,38.67,112.36,162.74,38.31,222,48.31,34.8,37.58,46.11,105.02,104.03,115.62,113.41,110.35,97.97,114.22,125.73,239.81,28.04,20.8,161.94,152.99,88.4,47.33,127.01,105.67,69.69,102,227.23,6.46,45.93,148.14,176.21,42.74,114.89,126.99,116.85,266.64,37.04,40.02,81.82,116.6,189.56,74.63,54.35,49.39,53.39,70.99,69.51,34.41,72.37,202.07,256.37,139.91,120.34,188.79,215.14,225.17,1,147.75,97.13,74.96,128.98,133.9,81.97,107.64
Tokyo,240.01,146.91,136.59,166.73,117.25,185.48,234.53,284.21,155.39,247.39,113.99,177.45,138.56,139.98,238.56,241.48,244.49,244.53,216.17,173.08,229.95,232.63,221.78,142.85,160.14,270.83,241.34,217.89,123.35,236.8,236.63,116.05,240.03,231.91,160.08,164.77,271.3,228.64,176.21,229.82,249.05,231.92,269.2,171.77,169.13,85.04,233.84,240.09,113.4,135.55,142.61,102.41,106.67,109.6,181.59,126.83,32.66,74.83,265.93,236.09,246.76,217.22,31.21,147.29,1,165.33,134.71,225.27,256.29,172.34,225.86
Toronto,104.71,45.64,58.12,52.67,277.29,24.61,108,168.77,22.29,252.08,128.93,80.35,54.44,53.89,107.53,92.42,92.96,98.17,100.26,26.65,108.52,106.82,246.08,37.64,112.43,138.71,134.65,92.45,35.25,109.39,88.1,66.3,109.6,238.67,48.63,8.54,130.22,101.84,20.36,95.12,110.26,91.64,273.3,21.58,10.45,62.13,109.54,91.61,67.53,50.91,53.68,67.94,61.07,63.56,54.23,61.46,183.55,272.85,120.23,97.31,102.02,215.51,223.64,97.03,165.36,1,52.56,106.15,115.43,14.15,107.01
Vancouver,149.43,61.7,58.81,78.63,270.64,72.49,154.65,208.27,58.77,178.05,42.03,63.68,43.35,39.88,143.73,159.14,151.98,156.1,150.43,74.52,153.52,149.66,215.8,47.7,69.23,210.2,187.7,126.51,45.27,160.77,140.29,41.74,164.44,226.31,75.92,62.11,186.13,158.99,63.68,158.35,179.03,147.75,259.7,77.29,61.56,18.47,162.66,150.12,30.8,43.32,49.99,36.23,22.29,26.66,87.44,4.9,151.44,154.84,180.67,149.42,158.93,203.95,173.05,74.92,134.67,52.11,1,154.88,171.32,64.94,181.81
Vienna,18.92,106.6,129.28,103.95,173.67,103.64,21.33,45.35,115.67,328.39,125.57,111.77,130.49,133.73,19.29,32.67,33.46,13.66,35.32,97.89,19.77,35.1,214.76,127.68,110.66,70.66,55.74,174.98,114.95,19.88,23.22,158.38,42.23,271.9,124.8,98.92,60.41,11.59,96.48,11.82,38.22,32.24,232.5,101.95,118.84,149.65,25.08,25.16,164.2,143.87,148.05,166.31,161.22,158.54,143.35,158.8,285.68,184.61,47.95,47.36,15.69,270.08,251.3,128.9,225.23,106.04,154.35,1,35.5,98.2,19.83
Vilnius,37.48,117.52,142.98,113.34,203,109.92,30.35,91.78,131.9,303.67,145.42,129.44,136.78,150.86,33.57,48.54,37.86,26.83,38.09,111.36,29.28,12.94,263.09,137.26,124.94,58.09,27.92,188.61,138.9,36.14,43.95,166.57,45.17,291.96,133.16,112.85,21.04,28.65,101.61,25.71,32.2,42.99,250.76,111.83,124.3,176.29,43.32,58.65,184.71,151.54,149.19,180.75,167.86,177.6,149.4,169.71,244.1,200.53,44.77,18.11,43.81,289.24,249.82,134.08,256.79,114.95,171.53,35.54,1,108.15,36.04
Washington,81.51,17.19,37.14,10.42,219.39,13.64,83.85,142.83,21.22,217.4,41.23,13.72,36.04,44.17,85.3,86.31,88.18,86.8,106.29,23.43,88.67,99.59,250.43,28.17,25.15,134.55,122.76,78.88,39.36,101.3,76.4,62.06,93.33,229.42,26.26,18.28,124.34,91.29,8.79,86.36,106.25,83.27,263.51,9.74,25.32,63.4,95.29,87.4,68.32,54.42,35.19,64.88,74.27,72.65,39.69,70.36,193.15,271.44,111.52,100.2,88.47,218.36,217.53,84.29,161.54,14.87,64.53,101.28,109.26,1,94.17
Zurich,16.6,108.37,124.24,108.14,175.98,109.1,19.34,52.05,112.23,298.96,122.41,116.32,126.49,133.1,14.87,36.27,18.09,12.31,7.51,104.59,22.42,30.18,160.32,131.77,115.64,63.54,37.04,172.19,111.21,30.74,26.12,154.92,27.19,297.43,113.8,98.37,45.25,13.64,96.36,9.72,38.06,21.15,277.32,96.47,113.93,143.4,9.76,18.77,174.63,144.04,188.29,155.07,168.52,161.44,153.67,158.44,299.38,163.67,35.02,34.38,7.35,314.22,288.35,107.55,225.23,106.79,181.08,19.22,35.69,99.3,1
